name,index
กนก ลิ้มตระกูล,0
กนก วงษ์ตระหง่าน,1
กนกวรรณ วิลาวัลย์,2
กนิษฐ์ ชาญปรีชญา,3
กมลศักดิ์ ลีวาเมาะ,4
กรณ์ จาติกวณิช,5
กรณิศ งามสุคนธ์รัตนา,6
กรรณภว์ ธนภรรคภวิน,7
กรวีร์ ปริศนานันทกุล,8
กรุงศรีวิไล สุทินเผือก,9
กฤติดนัย สันแก้ว,10
กฤษฎา ตันเทอดทิตย์,11
กฤษณ์ แก้วอยู่,12
กลชัย สุวรรณบูรณ์,13
กล้านรงค์ จันทิก,14
กวินนาถ ตาคีย์,15
กษิดิ์เดช ชุติมันต์,16
กษิดิศ อาชวคุณ,17
กอบกุล อาภากร ณ อยุธยา,18
กัญจน์พงศ์ จงสุทธนามณี,19
กันตวรรณ ตันเถียร,20
กัลยา รุ่งวิจิตรชัย,21
กัลยา โสภณพนิช,22
กาญจนารัตน์ ลีวิโรจน์,23
กานต์กนิษฐ์ แห้วสันตติ,24
การุณ โหสกุล,25
กำพล เลิศเกียรติดารงค์,26
กิตติ สมทรัพย์,27
กิตติ วะสีนนท์,28
กิตติกร โล่ห์สุนทร,29
กิตติชัย เรืองสวัสดิ์,30
กิตติ์ธัญญา วาจาดี,31
กิตติศักดิ์ คณาสวัสดิ์,32
กิตติศักดิ์ รัตนวราหะ,33
กุลธิดา รุ่งเรืองเกียรติ,34
กุลวลี นพอมรบดี,35
กูรดิสถ์ จันทร์ศรีชวาลา,36
กูเฮง ยาวอหะซัน,37
เกรียงศักดิ์ ฝ้ายสีงาม,38
เกษม ศุภรานนท์,39
เกษม อุประ,40
เกษมสันต์ มีทิพย์,41
เกียรติ สิทธีอมร,42
เกียรติ เหลืองขจรวิทย์,43
เกียว แก้วสุทอ,44
เกื้อกูล ด่านชัยวิจิตร,45
โกวิทย์ พวงงาม,46
โกศล ปัทมะ,47
ไกรสิทธ์ิ ตันติศิรินทร์,48
ไกลก้อง ไวทยการ,49
ขจิตร ชัยนิคม,50
ขวัญชาติ วงศ์ศุภรานันต์,51
ขวัญเลิศ พานิชมาท,52
เขตรัฐ เหล่าธรรมทัศน์,53
คงกฤษ ฉัตรมาลีรัตน์,54
คฑาเทพ เตชะเดชเรืองกุล,55
คมเดช ไชยศิวามงคล,56
ครูมานิตย์ สังข์พุ่ม,57
คารม พลพรกลาง,58
คำนูณ สิทธิสมาน,59
คำพอง เทพาคำ,60
คุณากร ปรีชาชนะชัย,61
จเด็จ อินสว่าง,62
จตุพร เจริญเชื้อ,63
จรัส คุ้มไข่น้ำ,64
จรัสฤทธิ์ จันทรสุรินทร์,65
จรินทร์ จักกะพาก,66
จเรศักณ์ิ อานุภาพ,67
จองชัย วงศ์ทรายทอง,68
จอมขวัญ กลับบ้านเกาะ,69
จักรกฤษณ์ ทองศรี,70
จักรทิพย์ ชัยจินดา,71
จักรพรรดิ ไชยสาส์น,72
จักรพล ตั้งสุทธิธรรม,73
จักรพันธ์ พรนิมิตร,74
จักรัตน์ พั้วช่วย,75
จัตุมงคล โสณกุล,76
จาตุรงค์ เพ็งนรพัฒน์,77
จารึก ศรีอ่อน,78
จารุวรรณ ศรัณย์เกตุ,79
จิตติ รอดบางยาง,80
จิตภัสร์ กฤดากร,81
จินตนา ชัยยวรรณาการ,82
จิรชัย มูลทองโร่ย,83
จิรดา สงฆ์ประชา,84
จิรทัศ ไกรเดชา,85
จิรพงศ์ วรรณรัตน์,86
จิรพงษ์ ทรงวัชราภรณ์,87
จิรวัฒน์ ศิริพานิชย์,88
จิรวัฒน์ อรัณยกานนท์,89
จิรัฏฐ์ ทองสุวรรณ์,90
จิราพร สินธุไพร,91
จิรายุ ห่วงทรัพย์,92
จีรเดช ศรีวิราช,93
จีระศักดิ์ ชมประสพ,94
จุฑาพัตธน์ เมนะสวัสดิ์,95
จุติ ไกรฤกษ์,96
จุมพิตา จันทรขจร,97
จุรินทร์ ลักษณวิศิษฏ์,98
จุลพันธ์ โนนศรีชัย,99
จุลพันธ์ อมรวิวัฒน์,100
เจตน์ ศิรธรานนท์,101
เจน นำชัยศิริ,102
เจนวิทย์ ไกรสินธุ์,103
เจริญ เรี่ยวแรง,104
เจเศรษฐ์ ไทยเศรษฐ์,105
ฉลอง เทอดวีระพงศ์,106
ฉลาด ขามช่วง,107
ฉวีรัตน์ เกษตรสุนทร,108
ฉัตรเฉลิม เฉลิมสุข,109
ฉัตรชัย สาริกัลยะ,110
เฉลา พวงมาลัย,111
เฉลิมชัย เครืองาม,112
เฉลิมชัย บุญยะลีพรรณ,113
เฉลิมชัย เฟื่องคอน,114
เฉลิมชัย ศรีอ่อน,115
เฉลียว เกาะแก้ว,116
ชนก จันทาทอง,117
ชยุต ภุมมะกาญจนะ,118
ชยุต สืบตระกูล,119
ชยุติ สุวรรณมาศ,120
ชลน่าน ศรีแก้ว,121
ชลิต แก้วจินดา,122
ชวน หลีกภัย,123
ชวลิต เลาหอุดมพันธ์,124
ชวลิต วิชยสุทธิ์,125
ชัชวาลย์ สุขสมจิตร์,126
ชัชวาลล์ คงอุดม,127
ชัย ชิดชอบ,128
ชัยชนะ เดชเดโช,129
ชัยชาญ ช้างมงคล,130
ชัยพฤกษ์ ดิษยะศริน,131
ชัยยันต์ ผลสุวรรณ์,132
ชัยวัฒน์ เป้าเปี่ยมทรัพย์,133
ชัยวัฒน์ เอี่ยมสมุทร,134
ชัยวุฒิ ธนาคมานุสรณ์,135
ชัยวุฒิ บรรณวัฒน์,136
ชาญวิทย์ วิภูศิริ,137
ชาญวิทย์ ผลชีวิน,138
ชาดา ไทยเศรษฐ์,139
ชาตอุดม ติตถะสิริ,140
ชำนาญ จันทร์เรือง,141
ชินวรณ์ บุณยเกียรติ,142
ชุมนุม อาจวงษ์,143
ชุมพล จุลใส,144
ชูวิทย์ พิทักษ์พรพัลลภ,145
ชูศักดิ์ คีรีมาศทอง,146
ชูศักดิ์ แอกทอง,147
ชูศักดิ์ เมฆสุวรรณ์,148
เชวงศักดิ์ ทองสลวย,149
เชิงชาย ชาลีรินทร์,150
เชิดพงศ์ ราชป้องขันธ์,151
เชิดศักดิ์ จาปาเทศ,152
เชิดศักดิ์ สันติวรวุฒิ,153
โชติพิพัฒน์ เตชะโสภณมณี,154
โชติวุฒิ ธนาคมานุสรณ์,155
ไชยวัฒนา ติณรัตน์,156
ไชยา พรหมา,157
ซากีย์ พิทักษ์คุมพล,158
ซูการ์โน มะทา,159
ญาณธิชา บัวเผื่อน,160
ฐนภัทร กิตติวงศา,161
ฐนิธ กิตติอาพน,162
ฐานิสร์ เทียนทอง,163
ฐาปกรณ์ กุลเจริญ,164
ฐิตินันท์ แสงนาค,165
ฐิติภัสร์ โชติเดชาชัยนันต์,166
ณธีภัสร์ กุลเศรษฐสิทธิ์,167
ณรงค์ พิพัฒนาศัย,168
ณรงค์ รัตนานุกูล,169
ณรงค์ สหเมธาพัฒน์,170
ณรงค์ อ่อนสอาด,171
ณัฏฐ์ชนน ศรีก่อเกื้อ,172
ณัฏฐพล จรัสรพีพงษ์,173
ณัฏฐพล ทีปสุวรรณ,174
ณัฐ อินทรเจริญ,175
ณัฐชา บุญไชยอินสวัสดิ์,176
ณัฐพงษ์ เรืองปัญญาวุฒิ,177
ณัฐพงษ์ สุปริยศิลป์,178
ณัฐพล สืบศักดิ์วงศ์,179
ณัฐวุฒิ กองจันทร์ดี,180
ณัฐวุฒิ บัวประทุม,181
ณัฐวุฒิ ประเสริฐสุวรรณ,182
ดนัย มีชูเวท,183
ดล เหตระกูล,184
ดวงพร รอดพยาธ์ิ,185
ดอน ปรมัตถ์วินัย,186
ดะนัย มะหิพันธ์,187
ดาวน้อย สุทธินิภาพันธ์,188
ดำรงค์ พิเดช,189
ดิเรกฤทธิ์ เจนครองธรรม,190
ดุสิต เขมะศักดิ์ชัย,191
เดชณรงค์ สุทธิชาญบัญชา,192
เดชอิศม์ ขาวทอง,193
ตรีทศ รณฤทธิวิชัย,194
ตรีทศ สนแจ้ง,195
ตรีนุช เทียนทอง,196
ตวง อันทะไชย,197
ตี๋ใหญ่ พูนศรีธนากูล,198
ไตรเทพ งามกมล,199
ไตรรงค์ ติธรรม,200
ไตรโรจน์ ครุธเวโช,201
ถนัด มานะพันธ์ุนิยม,202
ถวิล เปลี่ยนศรี,203
ถาวร เสนเนียม,204
ถาวร เทพวิมลเพชรกุล,205
ถาวร มณีพฤกษ์,206
ทรงกลด ทิพย์รัตน์,207
ทรงเดช เสมอคา,208
ทรงศักดิ์ ทองศรี,209
ทวิรัฐ รัตนเศรษฐ,210
ทวีป เนตรนิยม,211
ทวีวงษ์ จุลกมนตรี,212
ทวีศักดิ์ ทักษิณ,213
ทศพร ทองศิริ,214
ทองแดง เบ็ญจะปัก,215
ทัศนา ยุวานนท์,216
ทัศนาพร เกษเมธีการุณ,217
ทัศนีย์ บูรณุปกรณ์,218
ทัศนียา รัตนเศรษฐ,219
ทายาท เกียรติชูศักดิ์,220
ทินพันธุ์ นาคะตะ,221
เทพไท เสนพงศ์,222
เทพพงศ์ ทิพยจันทร์,223
เทวัญ ลิปตพัลลภ,224
เทอดพงษ์ ไชยนันทน์,225
เท่าพิภพ ลิ้มจิตรกร,226
เทียบจุฑา ขาวขำ,227
ธงชัย สาระสุข,228
ธณิกานต์ พรพงษาโรจน์,229
ธนกร ไชยกุล,230
ธนพร โสมทองแดง,231
ธนยศ ทิมสุวรรณ,232
ธนะศักดิ์ ปฏิมาประกร,233
ธนะสิทธิ์ โควสุรัตน์,234
ธนัสถ์ ทวีเกื้อกูลกิจ,235
ธนาธร จึงรุ่งเรืองกิจ,236
ธรรมนัส พรหมเผ่า,237
ธรรมวิชญ์ โพธิพิพิธ,238
ธวัชชัย สมุทรสาคร,239
ธัญญ์วาริน สุขะพิสิษฐ์,240
ธัญวัจน์ กมลวงศ์วัฒน์,241
ธานี สุโชดายน,242
ธานี อ่อนละเอียด,243
ธารา ปิตุเตชะ,244
ธีรเดช มีเพียร,245
ธีรภัทร พริ้งศุลกะ,246
ธีรรัตน์ สำเร็จวาณิชย์,247
ธีระ ไตรสรณกุล,248
ธีระ วงศ์สมุทร,249
ธีระเกียรติ เจริญเศรษฐศิลป์,250
ธีรัจชัย พันธุมาศ,251
นพ ชีวานันท์,252
นพคุณ รัฐผไท,253
นพดล แก้วสุพัฒน์,254
นพดล มาตรศรี,255
นพดล โชคระดา,256
นพดล อินทปัญญา,257
นพพล เหลืองทองนารา,258
นภาพร เพ็ชร์จินดา,259
นริศ ขำนุรักษ์,260
นฤมล ภิญโญสินวัฒน์,261
นวัธ เตาะเจริญสุข,262
นัทธี ถิ่นสาคู,263
นาที รัชกิจประการ,264
นาวิน ดำริกาญจน์,265
นิกร จำนง,266
นิคม บุญวิเศษ,267
นิติพล ผิวเหมาะ,268
นิพนธ์ นาคสมภพ,269
นิพนธ์ บุญญามณี,270
นิพันธ์ ศิริธร,271
นิยม ช่างพินิจ,272
นิยม วิวรรธนดิฐกุล,273
นิยม เวชกามา,274
นิรมิต สุจารี,275
นิรันดร์ นาเมืองรักษ์,276
นิรามาน สุไลมาน,277
นิโรธ สุนทรเลขา,278
นิวัตร มีนะโยธิน,279
นิสดารก์ เวชยานนท์,280
นิอาแซ ซีอุเซ็ง,281
เนาวรัตน์ พงษ์ไพบูลย์,282
แนน บุณย์ธิดา สมชัย,283
บรรชา พงศ์อายุกูล,284
บัญญัติ เจตนจันทร์,285
บัญญัติ บรรทัดฐาน,286
บัลลังก์ อรรณนพพร,287
บุญแก้ว สมวงศ์,288
บุญฐิณ ประทุมลี,289
บุญธรรม โอริส,290
บุญมี สุระโคตร,291
บุญยิ่ง นิติกาญจนา,292
บุญรื่น ศรีธเรศ,293
บุญลือ ประเสริฐโสภา,294
บุญส่ง ไข่เกษ,295
บุญสร้าง เนียมประดิษฐ์,296
บุญสิงห์ วรินทร์รักษ์,297
เบญจรัตน์ จริยธาราสิทธ์ิ,298
เบญจา แสงจันทร์,299
ปกรณ์ มุ่งเจริญพร,300
ปกรณ์วุฒิ อุดมพิพัฒน์สกุล,301
ปฐมพงศ์ สูญจันทร์,302
ปดิพัทธ์ สันติภาดา,303
ปนัดดา ดิศกุล,304
ประกอบ รัตนพันธ์,305
ประจิน จั่นตอง,306
ประดิษฐ์ เหลืองอร่าม,307
ประเดิมชัย บุญช่วยเหลือ,308
ประทวน สุทธิอำนวยเดช,309
ประภัตร โพธสุธน,310
ประภาศรี สุฉันทบุตร,311
ประภูศักดิ์ จินตะเวช,312
ประมนต์ สุธีวงศ์,313
ประมวล พงศ์ถาวราเดช,314
ประมาณ สว่างญาติ,315
ประยุทธ เสาวคนธ์,316
ประยุทธ์ จันทร์โอชา,317
ประยูร เหล่าสายเชื้อ,318
ประวิตร วงษ์สุวรรณ,319
ประสงค์ บูรณ์พงศ์,320
ประสาท สุขเกษตร,321
ประสิทธิ์ มะหะหมัด,322
ประสิทธิ์ วุฒินันชัย,323
ประเสริฐ จันทรรวงทอง,324
ประเสริฐ บุญเรือง,325
ประเสริฐ ปิ่นปฐมรัฐ,326
ประเสริฐพงษ์ ศรนุวัตร์,327
ปรัชญ์ชัย ใจชาญสุขกิจ,328
ปริญญา ช่วยเกตุ คีรีรัตน์,329
ปริญญา ฤกษ์หร่าย,330
ปรีชา จันทร์โอชา,331
ปรีชา บัววิรัตน์เลิศ,332
ปรีดา บุญเพลิง,333
ปัญญา จีนาคำ,334
ปัญญา งานเลิศ,335
ปัฐมพงศ์ ประถมภัฏ,336
ปานเทพ กล้าณรงค์ราญ,337
ปารีณา ไกรคุปต์,338
ปิยฉัฏฐ์ วันเฉลิม,339
ปิยบุตร แสงกนกกุล,340
ปิยพันธ์ุ นิมมานเหมินท์,341
ปิยวัฒน พันธ์สายเชื้อ,342
ปิยะรัฐชย์ ติยะไพรัช,343
โปฎก บุนนาค,344
ผ่องศรี แซ่จึง,345
ผาณิต นิติทัณฑ์ประภาศ,346
ไผ่ ลิกค์,347
พงศกร รอดชมภู,348
พงศ์กวิน จึงรุ่งเรืองกิจ,349
พนิต วิกิตเศรษฐ์,350
พยม พรหมเพชร,351
พรชัย อำนวยทรัพย์,352
พรชัย อินทร์สุข,353
พรทิพย์ โรจนสุนันท์,354
พรเทพ วิสุทธิ์วัฒนศักดิ์,355
พรพิพัฒน์ เบญญศรี,356
พรพิมล ธรรมสาร,357
พรเพชร วิชิตชลชัย,358
พรเพ็ญ บุญศิริวัฒนกุล,359
พรรณสิริ กุลนาถศิริ,360
พรรณิการ์ วานิช,361
พลเดช ปิ่นประทีป,362
พลภูมิ วิภัติภูมิประเทศ,363
พะจุณณ์ ตามประทีป,364
พัชรินทร์ ซำศิริพงษ์,365
พัฒนา สัพโส,366
พัลลภ ตมิศานนท์,367
พาณุวัฒณ์ สะสมทรัพย์,368
พิกุลแก้ว ไกรฤกษ์,369
พิจารณ์ เชาวพัฒนวงศ์,370
พิชชารัตน์ เลาหพงศ์ชนะ,371
พิเชษฐ สถิรชวาล,372
พิเชษฐ์ เชื้อเมืองพาน,373
พิทักษ์ ไชยเจริญ,374
พิธา ลิ้มเจริญรัตน์,375
พิบูลย์ รัชกิจประการ,376
พิพัฒน์ รัชกิจประการ,377
พิมพ์พร พรพฤฒิพันธุ์,378
พิมพ์ภัทรา วิชัยกุล,379
พิศณุ พุทธวงศ์,380
พิศาล มาณวพัฒน์,381
พิษณุ พลธี,382
พิสัณห์ จุลดิลก,383
พิสิทธิ์ สิทธิสาร,384
พีรเดช คำสมุทร,385
พีระพันธุ์ สาลีรัฐวิภาค,386
พีระเพชร ศิริกุล,387
พีระศักดิ์ พอจิต,388
พุทธิพงษ์ ปุณณกันต์,389
เพชร เอกกำลังกุล,390
เพชรชมพู กิจบูรณะ,391
เพชรดาว โต๊ะมีนา,392
เพชรวรรต วัฒนพงศศิริกุล,393
เพ็ญพักตร์ ศรีทอง,394
ไพจิต ศรีวรขาน,395
ไพชยนต์ ค้าทันเจริญ,396
ไพฑูรย์ หลิมวัฒนา,397
ไพบูลย์ นิติตะวัน,398
ไพโรจน์ โล่ห์สุนทร,399
ไพโรจน์ พ่วงทอง,400
ไพโรจน์ พานิชสมัย,401
ไพลิน เทียนสุวรรณ,402
ภณณัฏฐ์ ศรีอินทร์สุทธิ์,403
ภราดร ปริศนานันทกุล,404
ภริม พูลเจริญ,405
ภัทรา วรามิตร,406
ภาคภูมิ บูลย์ประมุข,407
ภาควัต ศรีสุรพล,408
ภาณุ อุทัยรัตน์,409
ภาดาท์ วรกานนท์,410
ภานุ ศรีบุศยกาญจน์,411
ภาสกร เงินเจริญกุล,412
ภิญโญ นิโรจน์,413
ภูดิท อินสุวรรณ์,414
ภูมิศิษฏ์ คงมี,415
มงคลกิตติ์ สุขสินธารานนท์,416
มณฑล โพธิ์คาย,417
มณเฑียร สงฆ์ประชา,418
มณเฑียร บุญตัน,419
มนตรี ตั้งเจริญถาวร,420
มนตรี ปาน้อยนนท์,421
มนพร เจริญศรี,422
มนัญญา ไทยเศรษฐ์,423
มนัส รูปขจร,424
มนูญ สิวาภิรมย์รัตน์,425
มหรรณพ เดชวิทักษ์,426
มัลลิกา จิระพันธุ์วาณิช,427
มานพ ศรีผึ้ง,428
มานะ โลหะวณิชย์,429
มานะศักดิ์ จันทร์ประสงค์,430
มานัส อ่อนอ้าย,431
มารศรี ขจรเรืองโรจน์,432
มารุต ปัชโชตะสิงห์,433
มิ่งขวัญ แสงสุวรรณ์,434
มุกดา พงษ์สมบัติ,435
ยงยุทธ เทพจำนงค์,436
ยงยุทธ สุวรรณบุตร,437
ยงยุทธ สาระสมบัติ,438
ยรรยงก์ ถนอมพิชัยธำรง,439
ยศวัฒน์ มาไพศาลสิน,440
ยอดยุทธ บุญญาธิการ,441
ยุทธกร วงเวียน,442
ยุทธนา ทัพเจริญ,443
ยุทธพงศ์ จรัสเสถียร,444
เยาวลักษณ์ วงษ์ประภารัตน์,445
รงค์ บุญสวยขวัญ,446
รณเทพ อนุวัฒน์,447
รณวริทธิ์ ปริยฉัตรตระกูล,448
ระวี มาศฉมาดล,449
ระวี รุ่งเรือง,450
รังสรรค์ มณีรัตน์,451
รังสรรค์ วันไชยธนวงศ์,452
รังสิกร ทิมาตฤกะ,453
รังสิมันต์ โรม,454
รังสิมา รอดรัศมี,455
รัฐกิตติ์ ผาลีพัฒน์,456
รุ่งโรจน์ ทองศรี,457
เรณู ตังคจิวางกูร,458
เรวัต วิศรุตเวช,459
ละออง ติยะไพรัช,460
ลักษณ์ วจนานวัช,461
ลินดา เชิดชัย,462
ลือชัย รุดดิษฐ์,463
เลิศรัตน์ รัตนวานิช,464
เลิศฤทธิ์ เวชสวรรค์,465
เลิศศักดิ์ พัฒนชัยกุล,466
วงศ์สยาม เพ็งพานิชภักดี,467
วชิราภรณ์ กาญจนะ,468
วทันยา วงษ์โอภาสี,469
วรพงษ์ สง่าเนตร,470
วรภพ วิริยะโรจน์,471
วรรณวรี ตะล่อมสิน,472
วรรณวิภา ไม้สน,473
วรศิษฎ์ เลียงประสิทธิ์,474
วรสิทธิ์ กัลป์ตินันท์,475
วรารัตน์ อติแพทย์,476
วราวุธ ศิลปอาชา,477
วราห์ บุญญะสิทธิ์,478
วลิต โรจนภักดี,479
วสันต์ สุริยมงคล,480
วัชรพล โตมรศักดิ์,481
วัชระ ยาวอหะซัน,482
วัชรา ณ วังขนาย,483
วัฒนา ช่างเหลา,484
วัฒนา สรรพานิช,485
วัน อยู่บำรุง,486
วันชัย เจริญนนทสิทธิ์,487
วันชัย ปริญญาศิริ,488
วันชัย สอนศิริ,489
วันนิวัติ สมบูรณ์,490
วันเพ็ญ พร้อมพัฒน์,491
วันมูหะมัดนอร์ มะทา,492
วัลลภ ตังคณานุรักษ์,493
วาโย อัศวรุ่งเรือง,494
วิชิต ยาทิพย์,495
วิเชียร ชวลิต,496
วิทยา ทรงคำ,497
วิทยา ผิวผ่อง,498
วินท์ สุธีรชัย,499
วินัย สร้างสุขดี,500
วิบูลย์ บางท่าไม้,501
วิบูลย์ลักษณ์ ร่วมรักษ์,502
วิรัช พันธุมะผล,503
วิรัช รัตนเศรษฐ,504
วิรัตน์ วรศสิริน,505
วิรัตน์ เกสสมบูรณ์,506
วิโรจน์ ลักขณาอดิศร,507
วิไลลักษณ์ อรินทมะพงษ์,508
วิวรรธน์ นิลวัชรมณี,509
วิวรรธน์ แสงสุริยะฉัตร,510
วิวัฒน์ชัย โหตระไวศยะ,511
วิศณุ ม่วงแพรสี,512
วิษณุ เครืองาม,513
วิสาร เตชะธีราวัฒน์,514
วิสิทธิ์ พิทยาภรณ์,515
วิสิษฐ์ เตชะธีราวัฒน์,516
วิสุทธิ์ ไชยณรุณ,517
วิสุทธิ์ ศรีสุพรรณ,518
วีรศักดิ์ หวังศุภกิจโกศล,519
วีระกร คำประกอบ,520
วีระชัย วีระเมธีกุล,521
วีระพล จิตสัมฤทธิ์,522
วีระวัฒน์ โอสถานุเคราะห์,523
วีระศักดิ์ ฟูตระกูล,524
วีระศักดิ์ โควสุรัตน์,525
วีระศักดิ์์ ภูครองหิน,526
วีรัณ ฉันทศาสตร์โกศล,527
วุฒิชัย กิตติธเนศวร,528
วุฒินันท์ บุญชู,529
วุฒิพงษ์ นามบุตร,530
วุฒิพันธุ์ วิชัยรัตน์,531
ไวพจน์ อาภรณ์รัตน์,532
ศรัณย์ ทิมสุวรรณ,533
ศรัณย์วุฒิ ศรัณย์เกตุ,534
ศราวุธ เพชรพนมพร,535
ศรีนวล บุญลือ,536
ศรีเรศ โกฎคำลือ,537
ศรีศักดิ์ วัฒนพรมงคล,538
ศรีสมร รัศมีฤกษ์เศรษฐ์,539
ศักดา คงเพชร,540
ศักดิ์ชัย ธนบุญชัย,541
ศักดิ์ไทย สุรกิจบวร,542
ศักดินัย นุ่มหนู,543
ศักดิ์สยาม ชิดชอบ,544
ศักดิ์สิทธ์ิ เชิดบุญเมือง,545
ศานิตย์ มหถาวร,546
ศาสตรา ศรีปาน,547
ศิรสิทธิ์ เลิศด้วยลาภ,548
ศิริกัญญา ตันสกุล,549
ศิรินา ปวโรฬารวิทยา,550
ศิริพงษ์ รัสมี,551
ศิริวรรณ ปราศจากศัตรู,552
ศิริวัฒน์ ขจรประศาสน์,553
ศิลัมพา เลิศนุวัฒน์,554
ศิษฐวัชร วงษ์สุวรรณ,555
ศุภชัย ใจสมุทร,556
ศุภชัย นพขำ,557
ศุภชัย โพธิ์สุ,558
ศุภชัย สมเจริญ,559
ศุภมาส อิศรภักดี,560
ศุภรัตน์ พัฒนาวิสุทธิ์,561
สกนธ์ สัจจานิตย์,562
สกล ชื่นตระกูล,563
สกุณา สาระนันท์,564
สกุล มาลากุล,565
สงคราม กิจเลิศไพโรจน์,566
สงวน พงษ์มณี,567
สถิตย์ ลิ่มพงศ์พันธุ์,568
สนธยา น้อยฉายา,569
สนธยา ศรีเจริญ,570
สนธิรัตน์ สนธิจิรวงศ์,571
สนอง เทพอักษรณรงค์,572
สนั่น มะเริงสิทธิ์,573
สม จาตุศรีพิทักษ์,574
สมเกียรติ ไชยวิสุทธิกุล,575
สมเกียรติ ถนอมสินธุ์,576
สมเกียรติ วอนเพียร,577
สมเกียรติ ศรลัมพ์,578
สมคิด เชื้อคง,579
สมคิด จาตุศรีพิทักษ์,580
สมเจตน์ ลิมปะพันธุ์,581
สมเจตน์ บุญถนอม,582
สมชาติ ประดิษฐพร,583
สมชาย ฝั่งชลจิตร,584
สมชาย วิษณุวงศ์,585
สมชาย ชาญณรงค์กุล,586
สมชาย เสียงหลาย,587
สมชาย แสวงการ,588
สมชาย หาญหิรัญ,589
สมเดช นิลพันธุ์,590
สมบัติ ศรีสุรินทร์,591
สมบัติ อำนาคะ,592
สมบัติ มิลินทจินดา,593
สมบูรณ์ ซารัมย์,594
สมบูรณ์ งามลักษณ์,595
สมพงษ์ โสภณ,596
สมพงษ์ อมรวิวัฒน์,597
สมพล เกียรติไพบูลย์,598
สมมุติ เบ็ญจลักษณ์,599
สมศักดิ์ เทพสุทิน,600
สมศักดิ์ พันธ์เกษม,601
สมศักดิ์ โชติรัตนะศิริ,602
สมหญิง บัวบุตร,603
สมหมาย กองวิสัยสุข,604
สมหมาย เกาฏีระ,605
สมัคร ป้องวงษ์,606
สยาม หัตถสงเคราะห์,607
สรชัด สุจิตต์,608
สรวุฒิ เนื่องจำนงค์,609
สรอรรถ กลิ่นประทุม,610
สรัสนันท์ อรรณนพพร,611
สราวุฒิ ชลออยู่,612
สราวุธ อ่อนละมัย,613
สฤษฏ์พงษ์ เกี่ยวข้อง,614
สฤษดิ์ บุตรเนียร,615
สวัสดิ์ สมัครพงศ์,616
สสิน ทองภักดี,617
สะถิระ เผือกประพันธุ์,618
สังศิต พิริยะรังสรรค์,619
สัญชัย จุลมนต์,620
สัญญา นิลสุพรรณ,621
สัณหพจน์ สุขศรีเมือง,622
สันติ กีระนันทน์,623
สันติ พร้อมพัฒน์,624
สัมพันธ์ มะยูโซ๊ะ,625
สัมฤทธิ์ แทนทรัพย์,626
สาคร เกี่ยวข้อง,627
สาทิตย์ วงศ์หนองเตย,628
สาธิต ปิตุเตชะ,629
สาธิต อุ๋ยตระกูล,630
สาธิต เหล่าสุวรรณ,631
สายัณห์ ยุติธรรม,632
สำราญ ครรชิต,633
สำเริง ศิวาดารงค์,634
สำลี รักสุทธี,635
สิงหภณ ดีนาง,636
สิงห์ศึก สิงห์ไพร,637
สินธพ แก้วพิจิตร,638
สินิตย์ เลิศไกร,639
สิระ เจนจาคะ,640
สิรินทร รามสูต,641
สิริพงศ์ อังคสกุลเกียรติ,642
สุจินต์ แช่มช้อย,643
สุชัย บุตรสาระ,644
สุชาติ ชมกลิ่น,645
สุชาติ ตันเจริญ,646
สุชาติ ภิญโญ,647
สุชาติ อุสาหะ,648
สุณัฐชา โล่สถาพรพิพิธ,649
สุทธวรรณ สุบรรณ ณ อยุธยา,650
สุทัศน์ เงินหมื่น,651
สุทา ประทีป ณ ถลาง,652
สุทิน คลังแสง,653
สุเทพ อู่อ้น,654
สุธี มากบุญ,655
สุนี จึงวิโรจน์,656
สุพล จุลใส,657
สุพล ฟองงาม,658
สุพิศาล ภักดีนฤนาถ,659
สุภดิช อากาศฤกษ์,660
สุภาภรณ์ คงวุฒิปัญญา,661
สุรชัย ศรีสารคาม,662
สุรชัย ดนัยตั้งตระกูล,663
สุรชัย เลี้ยงบุญเลิศชัย,664
สุรชาติ ชาญประดิษฐ์,665
สุรชาติ ศรีบุศกร,666
สุรเชษฐ์ ประวีณวงศ์วุฒิ,667
สุรเชษฐ์ ชัยวงศ์,668
สุรเดช จิรัฐิติเจริญ,669
สุรทิน พิจารณ์,670
สุรพงษ์ อึ้งอัมพรวิไล,671
สุรพงษ์ สุวรรณอัตถ์,672
สุรวาท ทองบุ,673
สุรวิทย์ คนสมบูรณ์,674
สุรศักดิ์ ชิงนวรรณ์,675
สุรศักดิ์ พันธ์เจริญวรกุล,676
สุรศักดิ์ อนรรฆพันธ์,677
สุรศักดิ์ กาญจนรัตน์,678
สุรสิทธิ์ นิธิวุฒิวรรักษ์,679
สุรสิทธิ์ วงศ์วิทยานันท์,680
สุรสิทธิ์ ตรีทอง,681
สุรินทร์ ปาลาเร่,682
สุริยะ จึงรุ่งเรืองกิจ,683
สุวพันธ์ุ ตันยุวรรธนะ,684
สุวรรณ เลิศปัญญาโรจน์,685
สุวรรณี สิริเวชชะพันธ์,686
สุวิทย์ เมษินทรีย์,687
เสมอกัน เที่ยงธรรม,688
เสรี สุวรรณภานนท์,689
เสรีพิศุทธ์ เตมียเวส,690
โสภณ ซารัมย์,691
อกนิษฐ์ หมื่นสวัสดิ์,692
องค์การ ชัยบุตร,693
องอาจ คล้ามไพบูลย์,694
องอาจ วงษ์ประยูร,695
อดิพงษ์ ฐิติพิทยา,696
อดิศักดิ์ กลั่นเสนาะ,697
อดุลย์ แสงสิงแก้ว,698
อธิรัฐ รัตนเศรษฐ,699
อนันต์ ผลอำนวย,700
อนันต์ ศรีพันธุ์,701
อนันตพร กาญจนรัตน์,702
อนาวิล รัตนสถาพร,703
อนุชา น้อยวงศ์,704
อนุชา นาคาศัย,705
อนุดิษฐ์ นาครทรรพ,706
อนุทิน ชาญวีรกูล,707
อนุพงษ์ เผ่าจินดา,708
อนุมัติ ซูสารอ,709
อนุมัติ อาหมัด,710
อนุรักษ์ จุรีมาศ,711
อนุรักษ์ ตั้งปณิธานนท์,712
อนุรักษ์ บุญศล,713
อนุศักดิ์ คงมาลัย,714
อนุศาสน์ สุวรรณมงคล,715
อนุสรณ์ ปั้นทอง,716
อนุสรี ทับสุวรรณ,717
อภิชัย เตชะอุบล,718
อภิชา เลิศพชรกมล,719
อภิชาติ ตีรสวัสดิชัย,720
อภิชาติ ศิริสุนทร,721
อภิรดี ตันตราภรณ์,722
อภิรัชต์ คงสมพงษ์,723
อมร นิลเปรม,724
อมรรัตน์ โชคปมิตต์กุล,725
อรรถกร ศิริลัทธยากร,726
อรุณ สวัสดี,727
ออน กาจกระโทก,728
อักษรา เกิดผล,729
อัครเดช วงษ์พิทักษ์โรจน์,730
อัครวัฒน์ อัศวเหม,731
อัฏฐพล โพธิพิพิธ,732
อันวาร์ สาและ,733
อับดุลบาซิม อาบู,734
อับดุลอายี สาแม็ง,735
อับดุลฮาลิม มินซาร์,736
อัศวิน วิภูศิริ,737
อาชาไนย ศรีสุข,738
อาดิลัน อาลีอิสเฮาะ,739
อาภรณ์ สาราคำ,740
อารี ไกรนรา,741
อาสพลธ์ สรรณ์ไตรภพ,742
อำนาจ วิลาวัลย์,743
อำพน ชูประทุม,744
อำพล จินดาวัฒนะ,745
อำไพ กองมณี,746
อิทธิคมน์ ภมรสูต,747
อิทธิพล คุณปลื้ม,748
อิทธิรัตน์ จันทรสุรินทร์,749
อิสสระ สมชัย,750
อุดม คชินทร,751
อุดม วรัญญูรัฐ,752
อุดมชัย ธรรมสาโรรัชต์,753
อุตตม สาวนายน,754
อุบลศักดิ์ บัวหลวงงาม,755
อุปกิต ปาจรียางกูร,756
อู้ด เบื้องบน,757
เอกการ ซื่อทรงธรรม,758
เอกชัย ทรงอำนาจเจริญ,759
เอกธนัช อินทร์รอด,760
เอกภพ เพียรพิเศษ,761
เอกราช ช่างเหลา,762
เอี่ยม ทองใจสด,763
โอชิษฐ์ เกียรติก้องชูชัย,764
โอสถ ภาวิไล,765